denominationunitelegale,Etablisements
AIRBUS,1
AIRBUS HELICOPTERS,1
AIRBUS OPERATIONS,1
ALTEN,1
ASSISTANCE PUBLIQUE HOPITAUX DE PARIS,3
AXA FRANCE IARD,1
CENTRE HOSPITALIER REGIONAL DE MARSEILLE,1
CENTRE HOSPITALIER REGIONAL DE NANCY,1
CENTRE HOSPITALIER REGIONAL UNIVERSITAIRE,1
CENTRE HOSPITALIER UNIVERSITAIRE,2
CENTRE HOSPITALIER UNIVERSITAIRE D'ANGERS,1
CENTRE HOSPITALIER UNIVERSITAIRE DE BORDEAUX,1
CENTRE HOSPITALIER UNIVERSITAIRE DE CAEN NORMANDIE,1
CENTRE HOSPITALIER UNIVERSITAIRE DE DIJON,1
CENTRE HOSPITALIER UNIVERSITAIRE DE LILLE,1
CENTRE HOSPITALIER UNIVERSITAIRE DE POITIERS,1
CENTRE HOSPITALIER UNIVERSITAIRE DE TOULOUSE,1
CENTRE HOSPITALIER UNIVERSITAIRE GRENOBLE ALPES,1
CENTRE HOSPITALIER UNIVERSITAIRE ROUEN,1
CHU NANTES,1
COMMISSARIAT A L' ENERGIE ATOMIQUE ET AUX ENERGIES ALTERNATIVES,1
COMMUNE DE NICE,1
COMMUNE DE TOULOUSE,1
CTRE HOSPITALIER UNIVERS PONTCHAILLOU,1
DEPARTEMENT DE LA GIRONDE,1
DEPARTEMENT DE LA SEINE SAINT DENIS,1
DEPARTEMENT DES BOUCHES DU RHONE,1
DEPARTEMENT DES HAUTS-DE-SEINE,1
DEPARTEMENT DU VAL DE MARNE,1
DEPARTEMENT DU VAR,1
EURO DISNEY ASSOCIES SAS,1
EUROMETROPOLE DE STRASBOURG,1
LES HOPITAUX UNIVERSITAIRES DE STRASBOURG,1
MANUF FRANC PNEUMATIQ MICHELIN,1
METROPOLE DE LYON,1
PREFECTURE DE POLICE DE PARIS,1
PSA AUTOMOBILES SA,3
REGION AUVERGNE-RHONE-ALPES,1
REGION HAUTS-DE-FRANCE,1
REGION ILE DE FRANCE,1
REGION PROVENCE-ALPES-COTE D'AZUR,1
RENAULT SAS,1
SAFRAN AIRCRAFT ENGINES,1
SOCIETE AIR FRANCE,1
SOCIETE GENERALE,1
